{"cameraMode":{"drawMode":0,"name":"Shaded","section":"Shading Mode"},"sceneLighting":false,"audioPlay":false,"sceneViewState":{"showFog":true,"showMaterialUpdate":false,"showSkybox":true,"showFlares":true,"showImageEffects":true,"showParticleSystems":true},"in2DMode":false,"pivot":{"x":-11.155000686645508,"y":39.099998474121097,"z":77.5999984741211},"rotation":{"x":-0.3598747253417969,"y":0.026774143800139428,"z":-0.01033081579953432,"w":-0.9325592517852783},"size":66.62014770507813,"orthographic":false}